,Audio,SpeakerLabel,StartTime,EndTime,TimeSeconds
0,sample.wav,Speaker 0,0.82,12.3,11.48
1,sample.wav,Speaker 1,12.3,20.02,7.719999999999999
2,sample.wav,Speaker 0,20.02,32.78,12.760000000000002
3,sample.wav,Speaker 1,32.78,35.98,3.1999999999999957
4,sample.wav,Speaker 0,35.98,38.12,2.1400000000000006
